aircraft,maneuver,method,n_runs,survival,survival_std,phi_rmse_deg,phi_rmse_std,phi_nrmse_pct,phi_nrmse_pct_std,phi_theil_u,phi_theil_u_std,phi_gain,phi_gain_std,phi_phase_lag_s,phi_phase_lag_s_std,time_in_band_pct,time_in_band_pct_std,hdot_rmse_ms,hdot_rmse_ms_std,hdot_nrmse_pct,hdot_nrmse_pct_std,va_rmse_ms,va_rmse_ms_std,phi_max_deg,turn_radius_m,load_factor
Airship_V7,circle,LQR,1,1.00,,10.60,,39.0,,0.155,,1.414,,0.000,,75.8,,1.167,,,,0.37,,36.0,110,1.236
Airship_V7,circle,MPPI,5,1.00,0.00,3.97,5.24,14.6,19.3,0.056,0.073,1.227,0.206,0.004,0.008,93.1,11.5,0.273,0.489,,,0.19,0.10,36.0,110,1.236
Airship_V7,circle,PPO,3,1.00,0.00,1.83,0.21,6.7,0.8,0.026,0.003,1.230,0.016,0.107,0.017,100.0,0.0,0.436,0.049,,,3.36,1.99,36.0,110,1.236
Airship_V7,circle,SAC,3,1.00,0.00,12.99,1.40,47.8,5.2,0.206,0.019,1.275,0.232,0.343,0.486,49.0,10.6,1.403,0.355,,,1.43,0.51,36.0,110,1.236
Airship_V7,circle,TD3,3,1.00,0.00,23.63,6.37,86.9,23.4,0.487,0.182,0.456,0.487,0.573,0.811,17.9,23.4,1.526,0.082,,,0.35,0.12,36.0,110,1.236
Airship_V7,figure8,LQR,1,1.00,,9.07,,12.7,,0.144,,0.945,,0.890,,77.4,,0.663,,,,0.30,,35.8,111,1.233
Airship_V7,figure8,MPPI,5,1.00,0.00,0.65,0.29,0.9,0.4,0.010,0.005,0.999,0.001,0.064,0.025,99.9,0.3,0.024,0.002,,,0.22,0.08,35.8,111,1.233
Airship_V7,figure8,PPO,3,1.00,0.00,2.18,0.15,3.0,0.2,0.035,0.003,0.973,0.009,0.403,0.009,100.0,0.0,0.388,0.025,,,3.62,2.57,35.8,111,1.233
Airship_V7,figure8,SAC,3,1.00,0.00,20.90,12.80,29.2,17.9,0.361,0.219,0.544,0.308,1.197,0.272,47.0,14.3,1.529,0.185,,,1.07,0.49,35.8,111,1.233
Airship_V7,figure8,TD3,3,1.00,0.00,17.99,5.63,25.1,7.9,0.358,0.152,0.588,0.246,0.723,0.498,33.2,26.6,1.385,0.214,,,1.06,0.61,35.8,111,1.233
Airship_V7,helix,LQR,1,1.00,,2.03,,12.5,,0.047,,1.723,,0.000,,100.0,,0.148,,14.8,,0.42,,21.6,202,1.076
Airship_V7,helix,MPPI,5,1.00,0.00,0.31,0.17,1.9,1.0,0.007,0.004,1.155,0.100,0.010,0.020,100.0,0.0,0.020,0.002,2.0,0.2,1.30,0.16,21.6,202,1.076
Airship_V7,helix,PPO,3,1.00,0.00,0.85,0.18,5.2,1.1,0.020,0.004,1.190,0.027,0.160,0.036,100.0,0.0,0.170,0.017,17.0,1.7,3.11,2.52,21.6,202,1.076
Airship_V7,helix,SAC,3,1.00,0.00,7.08,2.35,43.4,14.4,0.172,0.061,1.811,0.432,0.667,0.943,82.6,14.3,1.139,0.197,113.9,19.7,1.88,0.61,21.6,202,1.076
Airship_V7,helix,TD3,3,1.00,0.00,11.13,3.18,68.3,19.5,0.322,0.129,1.074,0.423,0.030,0.042,49.3,26.2,1.180,0.108,118.0,10.8,1.24,0.32,21.6,202,1.076
Airship_V7,sturn,LQR,1,1.00,,5.25,,10.4,,0.149,,0.976,,0.940,,100.0,,0.149,,,,0.37,,25.2,170,1.105
Airship_V7,sturn,MPPI,5,1.00,0.00,0.19,0.10,0.4,0.2,0.005,0.003,0.998,0.000,0.014,0.005,100.0,0.0,0.019,0.001,,,0.19,0.12,25.2,170,1.105
Airship_V7,sturn,PPO,3,0.67,0.47,2.28,0.12,4.5,0.2,0.065,0.004,0.973,0.010,0.400,0.020,100.0,0.0,0.334,0.143,,,4.05,3.30,25.2,170,1.105
Airship_V7,sturn,SAC,3,1.00,0.00,12.65,4.92,25.1,9.8,0.355,0.134,0.741,0.181,1.127,0.201,58.5,14.1,1.106,0.103,,,0.95,0.39,25.2,170,1.105
Airship_V7,sturn,TD3,3,1.00,0.00,12.14,2.13,24.1,4.2,0.357,0.059,0.688,0.113,0.400,0.369,48.6,10.9,1.327,0.103,,,0.88,0.31,25.2,170,1.105
Volantex_Ranger,circle,LQR,1,1.00,,2.03,,9.6,,0.039,,1.172,,0.100,,100.0,,0.050,,,,1.38,,28.0,43,1.133
Volantex_Ranger,circle,MPPI,5,1.00,0.00,0.70,0.48,3.3,2.3,0.013,0.009,1.106,0.103,0.002,0.004,100.0,0.0,0.062,0.063,,,2.17,0.20,28.0,43,1.133
Volantex_Ranger,circle,PPO,3,1.00,0.00,1.04,0.02,4.9,0.1,0.019,0.000,1.186,0.017,0.053,0.017,100.0,0.0,0.115,0.063,,,0.94,0.40,28.0,43,1.133
Volantex_Ranger,circle,SAC,3,1.00,0.00,6.73,3.36,31.8,15.9,0.112,0.048,2.058,0.426,0.023,0.017,73.5,30.7,0.707,0.422,,,2.22,0.90,28.0,43,1.133
Volantex_Ranger,circle,TD3,3,1.00,0.00,5.26,1.27,24.9,6.0,0.093,0.019,1.612,0.457,0.000,0.000,88.3,8.2,0.720,0.242,,,3.41,2.33,28.0,43,1.133
Volantex_Ranger,figure8,LQR,1,1.00,,2.38,,4.3,,0.049,,0.943,,0.380,,100.0,,0.042,,,,1.46,,27.9,43,1.131
Volantex_Ranger,figure8,MPPI,5,0.80,0.40,8.64,14.10,15.5,25.3,0.176,0.288,0.775,0.388,0.425,0.650,86.3,23.8,0.112,0.100,,,2.19,0.64,27.9,43,1.131
Volantex_Ranger,figure8,PPO,3,1.00,0.00,1.75,0.02,3.1,0.0,0.035,0.000,0.990,0.001,0.333,0.005,100.0,0.0,0.102,0.046,,,0.86,0.34,27.9,43,1.131
Volantex_Ranger,figure8,SAC,3,1.00,0.00,7.16,1.84,12.9,3.3,0.136,0.031,1.088,0.067,0.807,0.116,76.7,11.9,0.463,0.035,,,2.32,1.14,27.9,43,1.131
Volantex_Ranger,figure8,TD3,3,1.00,0.00,5.54,0.75,9.9,1.3,0.112,0.013,0.978,0.048,0.370,0.139,87.0,4.9,0.858,0.318,,,2.92,2.19,27.9,43,1.131
Volantex_Ranger,helix,LQR,1,1.00,,1.65,,13.0,,0.050,,1.354,,0.000,,100.0,,0.059,,5.9,,1.22,,16.8,76,1.045
Volantex_Ranger,helix,MPPI,5,1.00,0.00,0.18,0.04,1.4,0.3,0.006,0.001,1.038,0.056,0.000,0.000,100.0,0.0,0.032,0.005,3.2,0.5,2.61,0.13,16.8,76,1.045
Volantex_Ranger,helix,PPO,3,1.00,0.00,0.42,0.02,3.3,0.1,0.013,0.000,1.238,0.016,0.023,0.033,100.0,0.0,0.078,0.011,7.8,1.1,1.58,0.26,16.8,76,1.045
Volantex_Ranger,helix,SAC,3,1.00,0.00,3.89,0.98,30.7,7.7,0.118,0.031,1.704,0.380,0.000,0.000,95.9,4.3,0.602,0.135,60.2,13.5,2.33,1.15,16.8,76,1.045
Volantex_Ranger,helix,TD3,3,1.00,0.00,5.33,2.70,42.0,21.3,0.154,0.065,1.114,0.742,0.000,0.000,84.2,20.3,0.698,0.338,69.8,33.8,3.24,1.99,16.8,76,1.045
Volantex_Ranger,sturn,LQR,1,1.00,,2.45,,6.2,,0.091,,0.921,,0.380,,100.0,,0.035,,,,1.58,,19.6,64,1.062
Volantex_Ranger,sturn,MPPI,5,0.80,0.40,7.33,5.56,18.7,14.2,0.266,0.206,0.787,0.243,0.292,0.236,82.9,15.6,0.217,0.115,,,2.58,0.52,19.6,64,1.062
Volantex_Ranger,sturn,PPO,3,1.00,0.00,2.02,0.02,5.2,0.1,0.073,0.001,0.991,0.005,0.340,0.000,100.0,0.0,0.116,0.020,,,0.99,0.22,19.6,64,1.062
Volantex_Ranger,sturn,SAC,3,1.00,0.00,7.18,0.88,18.3,2.2,0.244,0.019,1.071,0.210,0.800,0.126,74.9,6.8,0.662,0.033,,,2.34,1.73,19.6,64,1.062
Volantex_Ranger,sturn,TD3,3,1.00,0.00,5.94,1.31,15.1,3.3,0.201,0.029,1.033,0.144,0.380,0.079,84.6,9.7,0.801,0.243,,,2.90,2.06,19.6,64,1.062
