h_m,name,value
5.12,CD_Alpha,0.4198310309431408
5.12,CD_Beta,0.001280257978514312
5.12,CD_aileron,0.003466401192260456
5.12,CD_elevator,0.0655243104814309
5.12,CD_p,-0.0468777
5.12,CD_q,0.242385
5.12,CD_r,-0.0111223
5.12,CD_rudder,0.000631621625971299
5.12,CL_Alpha,5.534349954521578
5.12,CL_Beta,-0.03535194034564017
5.12,CL_aileron,-0.002204336972872962
5.12,CL_elevator,1.073048684687994
5.12,CL_p,0.002071
5.12,CL_q,11.0800916
5.12,CL_r,0.0057045
5.12,CL_rudder,-0.0007266727458772485
5.12,CMl_Alpha,2.6447731823238805e-07
5.12,CMl_Beta,-0.20133033219862725
5.12,CMl_aileron,-0.33198314887458413
5.12,CMl_elevator,-6.302535746439093e-10
5.12,CMl_p,-0.4575133
5.12,CMl_q,1e-07
5.12,CMl_r,0.185398
5.12,CMl_rudder,-0.02342613948243895
5.12,CMm_Alpha,-0.518674794721736
5.12,CMm_Beta,0.09417589724814515
5.12,CMm_aileron,-0.0007413052858201937
5.12,CMm_elevator,-3.0948662822374726
5.12,CMm_p,0.0134235
5.12,CMm_q,-30.230001
5.12,CMm_r,0.1027004
5.12,CMm_rudder,0.00389985115543237
5.12,CMn_Alpha,-7.207809062745756e-08
5.12,CMn_Beta,0.03975469855943572
5.12,CMn_aileron,0.01386222288565562
5.12,CMn_elevator,4.5836623610465697e-10
5.12,CMn_p,-0.0482624
5.12,CMn_q,0.0
5.12,CMn_r,-0.1223031
5.12,CMn_rudder,0.06887460996980445
5.12,CS_Alpha,-7.228435543370465e-07
5.12,CS_Beta,-0.7613230174660002
5.12,CS_aileron,-0.12046347820032015
5.12,CS_elevator,5.156620156177569e-10
5.12,CS_p,-0.0561703
5.12,CS_q,-2e-07
5.12,CS_r,0.3863796
5.12,CS_rudder,-0.1827724566212888
5.12,CL_Total,0.749099861703
5.12,CL_h,-0.00023867306787186122
5.12,CD_Total,0.052402873577
5.12,CD_h,2.6595802756249405e-05
5.12,CS_Total,1.3778e-08
5.12,CS_h,-1.1090625000000342e-11
5.12,CMl_Total,-5.521e-09
5.12,CMl_h,2.2749999999999914e-12
5.12,CMm_Total,-0.00018316534
5.12,CMm_h,0.00010624522402812499
5.12,CMn_Total,1.38e-09
5.12,CMn_h,-1.7062499999999939e-12
5.12,SM,0.09371918996520584
5.12,h_over_c,14.065934065934067
3.84,CD_Alpha,0.418378008943365
3.84,CD_Beta,0.0012483749971588275
3.84,CD_aileron,0.0034707878144356473
3.84,CD_elevator,0.06532664720408328
3.84,CD_p,-0.0468777
3.84,CD_q,0.242385
3.84,CD_r,-0.0111223
3.84,CD_rudder,0.0006287963710835169
3.84,CL_Alpha,5.537813311875557
3.84,CL_Beta,-0.03538992458266244
3.84,CL_aileron,-0.002209051899859327
3.84,CL_elevator,1.0734449264281782
3.84,CL_p,0.002071
3.84,CL_q,11.0800916
3.84,CL_r,0.0057045
3.84,CL_rudder,-0.0007241569454887335
3.84,CMl_Alpha,2.6487838868897957e-07
3.84,CMl_Beta,-0.20160509794809947
3.84,CMl_aileron,-0.3318249226260499
3.84,CMl_elevator,-6.302535746439093e-10
3.84,CMl_p,-0.4575133
3.84,CMl_q,1e-07
3.84,CMl_r,0.185398
3.84,CMl_rudder,-0.023482206955030827
3.84,CMm_Alpha,-0.5216458878802759
3.84,CMm_Beta,0.09416050702881014
3.84,CMm_aileron,-0.0007454978471902837
3.84,CMm_elevator,-3.094881297169452
3.84,CMm_p,0.0134235
3.84,CMm_q,-30.230001
3.84,CMm_r,0.1027004
3.84,CMm_rudder,0.003893399593363421
3.84,CMn_Alpha,-7.236456952502297e-08
3.84,CMn_Beta,0.03951379106331741
3.84,CMn_aileron,0.013875477175626162
3.84,CMn_elevator,4.5836623610465697e-10
3.84,CMn_p,-0.0482624
3.84,CMn_q,0.0
3.84,CMn_r,-0.1223031
3.84,CMn_rudder,0.06880506492558927
3.84,CS_Alpha,-7.248489066200045e-07
3.84,CS_Beta,-0.7611246642901714
3.84,CS_aileron,-0.12044303890500711
3.84,CS_elevator,5.156620156176621e-10
3.84,CS_p,-0.0561703
3.84,CS_q,-2e-07
3.84,CS_r,0.3863796
3.84,CS_rudder,-0.18269839472159147
3.84,CL_Total,0.749939151612
3.84,CL_h,-0.00045326138215311655
3.84,CD_Total,0.052309349875
3.84,CD_h,4.844766730781282e-05
3.84,CS_Total,1.3817e-08
3.84,CS_h,-2.161250000000004e-11
3.84,CMl_Total,-5.529e-09
3.84,CMl_h,5.68749999999998e-12
3.84,CMm_Total,-0.000556774919
3.84,CMm_h,0.00023120088881093748
3.84,CMn_Total,1.386e-09
3.84,CMn_h,-2.559374999999991e-12
3.84,SM,0.09419708800252131
3.84,h_over_c,10.54945054945055
2.56,CD_Alpha,0.41448784822312196
2.56,CD_Beta,0.0012849857970569048
2.56,CD_aileron,0.0034743706914159597
2.56,CD_elevator,0.0648255846114519
2.56,CD_p,-0.0468777
2.56,CD_q,0.242385
2.56,CD_r,-0.0111223
2.56,CD_rudder,0.0006319063286998787
2.56,CL_Alpha,5.547529894795726
2.56,CL_Beta,-0.03541755862360332
2.56,CL_aileron,-0.002216517940998509
2.56,CL_elevator,1.074110840380332
2.56,CL_p,0.002071
2.56,CL_q,11.0800916
2.56,CL_r,0.0057045
2.56,CL_rudder,-0.0007249947816744484
2.56,CMl_Alpha,2.6648267051534584e-07
2.56,CMl_Beta,-0.20147820951157844
2.56,CMl_aileron,-0.3316724108293813
2.56,CMl_elevator,-6.302535746439093e-10
2.56,CMl_p,-0.4575133
2.56,CMl_q,1e-07
2.56,CMl_r,0.185398
2.56,CMl_rudder,-0.023404214622154692
2.56,CMm_Alpha,-0.5327210852265144
2.56,CMm_Beta,0.09435209110935994
2.56,CMm_aileron,-0.0007525970807508491
2.56,CMm_elevator,-3.0952896360540407
2.56,CMm_p,0.0134235
2.56,CMm_q,-30.230001
2.56,CMm_r,0.1027004
2.56,CMm_rudder,0.0039020809352836834
2.56,CMn_Alpha,-7.293752732015379e-08
2.56,CMn_Beta,0.03920358512401893
2.56,CMn_aileron,0.013851225075369643
2.56,CMn_elevator,4.5836623610465697e-10
2.56,CMn_p,-0.0482624
2.56,CMn_q,0.0
2.56,CMn_r,-0.1223031
2.56,CMn_rudder,0.06870681893572571
2.56,CS_Alpha,-7.306930761303388e-07
2.56,CS_Beta,-0.7608751519992942
2.56,CS_aileron,-0.12052239986216848
2.56,CS_elevator,5.156620156177569e-10
2.56,CS_p,-0.0561703
2.56,CS_q,-2e-07
2.56,CS_r,0.3863796
2.56,CS_rudder,-0.18257420480169392
2.56,CL_Total,0.752287634061
2.56,CL_h,-0.0007836819724635356
2.56,CD_Total,0.05206214273
2.56,CD_h,8.333726798177186e-05
2.56,CS_Total,1.393e-08
2.56,CS_h,-3.76796875e-11
2.56,CMl_Total,-5.561e-09
2.56,CMl_h,1.0190104166666658e-11
2.56,CMm_Total,-0.001809193569
2.56,CMm_h,0.0004318750435052084
2.56,CMn_Total,1.398e-09
2.56,CMn_h,-4.265624999999986e-12
2.56,SM,0.09602851995917554
2.56,h_over_c,7.032967032967034
2.3040000000000003,CD_Alpha,0.41279957152883445
2.3040000000000003,CD_Beta,0.0012625817148725481
2.3040000000000003,CD_aileron,0.0034797716207760677
2.3040000000000003,CD_elevator,0.06463458890126177
2.3040000000000003,CD_p,-0.0468777
2.3040000000000003,CD_q,0.242385
2.3040000000000003,CD_r,-0.0111223
2.3040000000000003,CD_rudder,0.0006318555073433804
2.3040000000000003,CL_Alpha,5.5513845307002745
2.3040000000000003,CL_Beta,-0.03544798273981757
2.3040000000000003,CL_aileron,-0.002220641346364216
2.3040000000000003,CL_elevator,1.0742576127441748
2.3040000000000003,CL_p,0.002071
2.3040000000000003,CL_q,11.0800916
2.3040000000000003,CL_r,0.0057045
2.3040000000000003,CL_rudder,-0.0007244342570590773
2.3040000000000003,CMl_Alpha,2.6705562831047673e-07
2.3040000000000003,CMl_Beta,-0.201542579085326
2.3040000000000003,CMl_aileron,-0.331558923703801
2.3040000000000003,CMl_elevator,-6.302535746439093e-10
2.3040000000000003,CMl_p,-0.4575133
2.3040000000000003,CMl_q,1e-07
2.3040000000000003,CMl_r,0.185398
2.3040000000000003,CMl_rudder,-0.023401213297336458
2.3040000000000003,CMm_Alpha,-0.537979034974113
2.3040000000000003,CMm_Beta,0.09444488036377421
2.3040000000000003,CMm_aileron,-0.0007579487357404866
2.3040000000000003,CMm_elevator,-3.0955514404668634
2.3040000000000003,CMm_p,0.0134235
2.3040000000000003,CMm_q,-30.230001
2.3040000000000003,CMm_r,0.1027004
2.3040000000000003,CMm_rudder,0.003902929944144495
2.3040000000000003,CMn_Alpha,-7.322400621771921e-08
2.3040000000000003,CMn_Beta,0.039039116328419485
2.3040000000000003,CMn_aileron,0.01386548020801672
2.3040000000000003,CMn_elevator,4.5836623610466886e-10
2.3040000000000003,CMn_p,-0.0482624
2.3040000000000003,CMn_q,0.0
2.3040000000000003,CMn_r,-0.1223031
2.3040000000000003,CMn_rudder,0.06865718176846859
2.3040000000000003,CS_Alpha,-7.330422030903752e-07
2.3040000000000003,CS_Beta,-0.7607485761685462
2.3040000000000003,CS_aileron,-0.12062972694660598
2.3040000000000003,CS_elevator,5.156620156177569e-10
2.3040000000000003,CS_p,-0.0561703
2.3040000000000003,CS_q,-2e-07
2.3040000000000003,CS_r,0.3863796
2.3040000000000003,CS_rudder,-0.18251457525048975
2.3040000000000003,CL_Total,0.753246117298
2.3040000000000003,CL_h,-0.0016165199135312726
2.3040000000000003,CD_Total,0.05195768492
2.3040000000000003,CD_h,0.00017179072919530901
2.3040000000000003,CS_Total,1.3976e-08
2.3040000000000003,CS_h,-7.535937500000077e-11
2.3040000000000003,CMl_Total,-5.572e-09
2.3040000000000003,CMl_h,1.706249999999994e-11
2.3040000000000003,CMm_Total,-0.002379192685
2.3040000000000003,CMm_h,0.000994673701328125
2.3040000000000003,CMn_Total,1.404e-09
2.3040000000000003,CMn_h,-9.953125000000113e-12
2.3040000000000003,SM,0.09690898405595588
2.3040000000000003,h_over_c,6.32967032967033
2.048,CD_Alpha,0.4106707431168001
2.048,CD_Beta,0.0011894756806647253
2.048,CD_aileron,0.003485975665077507
2.048,CD_elevator,0.0643570432178632
2.048,CD_p,-0.0468777
2.048,CD_q,0.242385
2.048,CD_r,-0.0111223
2.048,CD_rudder,0.0006266083025594649
2.048,CL_Alpha,5.556794296501891
2.048,CL_Beta,-0.035490405451705356
2.048,CL_aileron,-0.002230415834460149
2.048,CL_elevator,1.0743745530290871
2.048,CL_p,0.002071
2.048,CL_q,11.0800916
2.048,CL_r,0.0057045
2.048,CL_rudder,-0.0007203609282100805
2.048,CMl_Alpha,2.677431776646337e-07
2.048,CMl_Beta,-0.2020178271790895
2.048,CMl_aileron,-0.33147192011990617
2.048,CMl_elevator,-6.302535746439093e-10
2.048,CMl_p,-0.4575133
2.048,CMl_q,1e-07
2.048,CMl_r,0.185398
2.048,CMl_rudder,-0.023504453874891727
2.048,CMm_Alpha,-0.5459822308662572
2.048,CMm_Beta,0.09437426652408801
2.048,CMm_aileron,-0.0007662899699135515
2.048,CMm_elevator,-3.0960128171378156
2.048,CMm_p,0.0134235
2.048,CMm_q,-30.230001
2.048,CMm_r,0.1027004
2.048,CMm_rudder,0.0038920654611374725
2.048,CMn_Alpha,-7.356778089479771e-08
2.048,CMn_Beta,0.03861689083763719
2.048,CMn_aileron,0.013902457357128415
2.048,CMn_elevator,4.5836623610465697e-10
2.048,CMn_p,-0.0482624
2.048,CMn_q,0.0
2.048,CMn_r,-0.1223031
2.048,CMn_rudder,0.0685345192967571
2.048,CS_Alpha,-7.361361751840817e-07
2.048,CS_Beta,-0.7603398592464039
2.048,CS_aileron,-0.12084250141284242
2.048,CS_elevator,5.729577951308094e-10
2.048,CS_p,-0.0561703
2.048,CS_q,-2e-07
2.048,CS_r,0.3863796
2.048,CS_rudder,-0.18236828079074335
2.048,CL_Total,0.754561420313
2.048,CL_h,-0.0022572005272578307
2.048,CD_Total,0.051820503023
2.048,CD_h,0.00023179248066405942
2.048,CS_Total,1.4036e-08
2.048,CS_h,-1.0592968750000006e-10
2.048,CMl_Total,-5.585e-09
2.048,CMl_h,2.4882812499999965e-11
2.048,CMm_Total,-0.003208295039
2.048,CMm_h,0.0014686930994531242
2.048,CMn_Total,1.412e-09
2.048,CMn_h,-1.3507812500000014e-11
2.048,SM,0.09825489333120781
2.048,h_over_c,5.626373626373627
1.7919999999999998,CD_Alpha,0.40782245721640636
1.7919999999999998,CD_Beta,0.0012001729172913217
1.7919999999999998,CD_aileron,0.003484391780548317
1.7919999999999998,CD_elevator,0.06398248483625524
1.7919999999999998,CD_p,-0.0468777
1.7919999999999998,CD_q,0.242385
1.7919999999999998,CD_r,-0.0111223
1.7919999999999998,CD_rudder,0.0006262928892933875
1.7919999999999998,CL_Alpha,5.564365188919413
1.7919999999999998,CL_Beta,-0.03549531157471487
1.7919999999999998,CL_aileron,-0.002236900570787656
1.7919999999999998,CL_elevator,1.0744059158220611
1.7919999999999998,CL_p,0.002071
1.7919999999999998,CL_q,11.0800916
1.7919999999999998,CL_r,0.0057045
1.7919999999999998,CL_rudder,-0.00071928336648722
1.7919999999999998,CMl_Alpha,2.6888909325489536e-07
1.7919999999999998,CMl_Beta,-0.20219269659106506
1.7919999999999998,CMl_aileron,-0.33159051694039926
1.7919999999999998,CMl_elevator,-6.302535746439093e-10
1.7919999999999998,CMl_p,-0.4575133
1.7919999999999998,CMl_q,1e-07
1.7919999999999998,CMl_r,0.185398
1.7919999999999998,CMl_rudder,-0.023504379275786802
1.7919999999999998,CMm_Alpha,-0.5582605559304322
1.7919999999999998,CMm_Beta,0.09447815288237418
1.7919999999999998,CMm_aileron,-0.0007724441668868398
1.7919999999999998,CMm_elevator,-3.0967800365025684
1.7919999999999998,CMm_p,0.0134235
1.7919999999999998,CMm_q,-30.230001
1.7919999999999998,CMm_r,0.1027004
1.7919999999999998,CMm_rudder,0.0038928347142732226
1.7919999999999998,CMn_Alpha,-7.408344291041545e-08
1.7919999999999998,CMn_Beta,0.038266484345967404
1.7919999999999998,CMn_aileron,0.013863207971992787
1.7919999999999998,CMn_elevator,4.5836623610465697e-10
1.7919999999999998,CMn_p,-0.0482624
1.7919999999999998,CMn_q,0.0
1.7919999999999998,CMn_r,-0.1223031
1.7919999999999998,CMn_rudder,0.06843199566129086
1.7919999999999998,CS_Alpha,-7.407198375451284e-07
1.7919999999999998,CS_Beta,-0.760035526525576
1.7919999999999998,CS_aileron,-0.12109901925868065
1.7919999999999998,CS_elevator,5.156620156176621e-10
1.7919999999999998,CS_p,-0.0561703
1.7919999999999998,CS_q,-2e-07
1.7919999999999998,CS_r,0.3863796
1.7919999999999998,CS_rudder,-0.1822391925400637
1.7919999999999998,CL_Total,0.756421080677
1.7919999999999998,CL_h,-0.0032415172896640386
1.7919999999999998,CD_Total,0.051631647145
1.7919999999999998,CD_h,0.00033022217921874957
1.7919999999999998,CS_Total,1.4125e-08
1.7919999999999998,CS_h,-1.5427343749999967e-10
1.7919999999999998,CMl_Total,-5.607e-09
1.7919999999999998,CMl_h,3.341406250000025e-11
1.7919999999999998,CMm_Total,-0.004445046715
1.7919999999999998,CMm_h,0.002248802135835937
1.7919999999999998,CMn_Total,1.423e-09
1.7919999999999998,CMn_h,-1.9195312500000007e-11
1.7919999999999998,SM,0.1003278068524552
1.7919999999999998,h_over_c,4.9230769230769225
1.536,CD_Alpha,0.40353282676905955
1.536,CD_Beta,0.0012542440330377243
1.536,CD_aileron,0.0034782478395198684
1.536,CD_elevator,0.06346679864181858
1.536,CD_p,-0.0468777
1.536,CD_q,0.242385
1.536,CD_r,-0.0111223
1.536,CD_rudder,0.0006330068087368382
1.536,CL_Alpha,5.57476572909214
1.536,CL_Beta,-0.03552133972953935
1.536,CL_aileron,-0.0022489306791298016
1.536,CL_elevator,1.0742496261135794
1.536,CL_p,0.002071
1.536,CL_q,11.0800916
1.536,CL_r,0.0057045
1.536,CL_rudder,-0.0007225829158334809
1.536,CMl_Alpha,2.703214877427224e-07
1.536,CMl_Beta,-0.20221075369975328
1.536,CMl_aileron,-0.33172340355748586
1.536,CMl_elevator,-6.302535746438619e-10
1.536,CMl_p,-0.4575133
1.536,CMl_q,1e-07
1.536,CMl_r,0.185398
1.536,CMl_rudder,-0.02340302275534926
1.536,CMm_Alpha,-0.5777925282852455
1.536,CMm_Beta,0.09479142082272132
1.536,CMm_aileron,-0.0007778470443033934
1.536,CMm_elevator,-3.0981284393883337
1.536,CMm_p,0.0134235
1.536,CMm_q,-30.230001
1.536,CMm_r,0.1027004
1.536,CMm_rudder,0.003911639131813564
1.536,CMn_Alpha,-7.477099226457243e-08
1.536,CMn_Beta,0.03792581968380087
1.536,CMn_aileron,0.013797633811776759
1.536,CMn_elevator,4.5836623610465697e-10
1.536,CMn_p,-0.0482624
1.536,CMn_q,0.0
1.536,CMn_r,-0.1223031
1.536,CMn_rudder,0.0683428336307902
1.536,CS_Alpha,-7.47423443748159e-07
1.536,CS_Beta,-0.7598236147618918
1.536,CS_aileron,-0.1215679346791177
1.536,CS_elevator,5.729577951308094e-10
1.536,CS_p,-0.0561703
1.536,CS_q,-2e-07
1.536,CS_r,0.3863796
1.536,CS_rudder,-0.18212727342808135
1.536,CL_Total,0.75912091716
1.536,CL_h,-0.004941945726757823
1.536,CD_Total,0.051356014683
1.536,CD_h,0.00041260758103906306
1.536,CS_Total,1.4253e-08
1.536,CS_h,-2.2821093750000012e-10
1.536,CMl_Total,-5.632e-09
1.536,CMl_h,4.763281249999993e-11
1.536,CMm_Total,-0.006371445296
1.536,CMm_h,0.0036520284759765636
1.536,CMn_Total,1.439e-09
1.536,CMn_h,-3.4125000000000044e-11
1.536,SM,0.10364427069464317
1.536,h_over_c,4.21978021978022
1.28,CD_Alpha,0.3987381341971923
1.28,CD_Beta,0.001266809054780634
1.28,CD_aileron,0.0034766029922817187
1.28,CD_elevator,0.06268687909457882
1.28,CD_p,-0.0468777
1.28,CD_q,0.242385
1.28,CD_r,-0.0111223
1.28,CD_rudder,0.0006342023997681052
1.28,CL_Alpha,5.592466298405748
1.28,CL_Beta,-0.03560573681383494
1.28,CL_aileron,-0.002274999571261978
1.28,CL_elevator,1.0736656101184108
1.28,CL_p,0.002071
1.28,CL_q,11.0800916
1.28,CL_r,0.0057045
1.28,CL_rudder,-0.0007210936266380508
1.28,CMl_Alpha,2.720403611281148e-07
1.28,CMl_Beta,-0.20252429339398273
1.28,CMl_aileron,-0.3323785096348599
1.28,CMl_elevator,-5.729577951308094e-10
1.28,CMl_p,-0.4575133
1.28,CMl_q,1e-07
1.28,CMl_r,0.185398
1.28,CMl_rudder,-0.02336181626097703
1.28,CMm_Alpha,-0.6123620720725034
1.28,CMm_Beta,0.0950813670316798
1.28,CMm_aileron,-0.0007957595384440654
1.28,CMm_elevator,-3.100679048217535
1.28,CMm_p,0.0134235
1.28,CMm_q,-30.230001
1.28,CMm_r,0.1027004
1.28,CMm_rudder,0.00391835030105951
1.28,CMn_Alpha,-7.631797831142565e-08
1.28,CMn_Beta,0.03729297061034503
1.28,CMn_aileron,0.013768184124881712
1.28,CMn_elevator,4.5836623610465697e-10
1.28,CMn_p,-0.0482624
1.28,CMn_q,0.0
1.28,CMn_r,-0.1223031
1.28,CMn_rudder,0.0681609052068913
1.28,CS_Alpha,-7.57221022044896e-07
1.28,CS_Beta,-0.759226462391467
1.28,CS_aileron,-0.12257404753604338
1.28,CS_elevator,5.729577951308094e-10
1.28,CS_p,-0.0561703
1.28,CS_q,-2e-07
1.28,CS_r,0.3863796
1.28,CS_rudder,-0.1819047784463716
1.28,CL_Total,0.763372388952
1.28,CL_h,-0.00779235083900001
1.28,CD_Total,0.051051276042
1.28,CD_h,0.0005625577507265659
1.28,CS_Total,1.4446e-08
1.28,CS_h,-3.8035156249999966e-10
1.28,CMl_Total,-5.674e-09
1.28,CMl_h,7.535937499999959e-11
1.28,CMm_Total,-0.00958196589
1.28,CMm_h,0.0061554904490625
1.28,CMn_Total,1.471e-09
1.28,CMn_h,-5.616406249999988e-11
1.28,SM,0.10949767766094008
1.28,h_over_c,3.516483516483517
1.024,CD_Alpha,0.39143464295882907
1.024,CD_Beta,0.0012657398009437073
1.024,CD_aileron,0.003442700621177587
1.024,CD_elevator,0.06197063395139379
1.024,CD_p,-0.0468777
1.024,CD_q,0.242385
1.024,CD_r,-0.0111223
1.024,CD_rudder,0.0006334907861865138
1.024,CL_Alpha,5.615507679998387
1.024,CL_Beta,-0.03566913012479646
1.024,CL_aileron,-0.0023368307127930327
1.024,CL_elevator,1.072132520360741
1.024,CL_p,0.002071
1.024,CL_q,11.0800916
1.024,CL_r,0.0057045
1.024,CL_rudder,-0.000719327197755813
1.024,CMl_Alpha,2.7576458679646523e-07
1.024,CMl_Beta,-0.20348276853446898
1.024,CMl_aileron,-0.3334445550230718
1.024,CMl_elevator,-6.302535746439093e-10
1.024,CMl_p,-0.4575133
1.024,CMl_q,1e-07
1.024,CMl_r,0.185398
1.024,CMl_rudder,-0.02333362679475237
1.024,CMm_Alpha,-0.6719284794315761
1.024,CMm_Beta,0.0956581591176714
1.024,CMm_aileron,-0.0008146181577920072
1.024,CMm_elevator,-3.1051133877504093
1.024,CMm_p,0.0134235
1.024,CMm_q,-30.230001
1.024,CMm_r,0.1027004
1.024,CMm_rudder,0.003932979575146817
1.024,CMn_Alpha,-7.860980949194894e-08
1.024,CMn_Beta,0.0363451147842253
1.024,CMn_aileron,0.01367699668857527
1.024,CMn_elevator,4.5836623610465697e-10
1.024,CMn_p,-0.0482624
1.024,CMn_q,0.0
1.024,CMn_r,-0.1223031
1.024,CMn_rudder,0.06788495744548773
1.024,CS_Alpha,-7.74638939016873e-07
1.024,CS_Beta,-0.758575356075165
1.024,CS_aileron,-0.12455323174787782
1.024,CS_elevator,4.583662361047044e-10
1.024,CS_p,-0.0561703
1.024,CS_q,-2e-07
1.024,CS_r,0.3863796
1.024,CS_rudder,-0.18157626919842035
1.024,CL_Total,0.770081586472
1.024,CL_h,-0.013229407841507852
1.024,CD_Total,0.05056472466
1.024,CD_h,0.0010773460410781269
1.024,CS_Total,1.4788e-08
1.024,CS_h,-7.137812499999989e-10
1.024,CMl_Total,-5.738e-09
1.024,CMl_h,1.2441406249999994e-10
1.024,CMm_Total,-0.015029717576
1.024,CMm_h,0.010734711491054686
1.024,CMn_Total,1.518e-09
1.024,CMn_h,-9.953124999999995e-11
1.024,SM,0.11965587400492506
1.024,h_over_c,2.8131868131868134
0.768,CD_Alpha,0.3756802264963874
0.768,CD_Beta,0.0012065462706213161
0.768,CD_aileron,0.003393025008452538
0.768,CD_elevator,0.06026168579929468
0.768,CD_p,-0.0468777
0.768,CD_q,0.242385
0.768,CD_r,-0.0111223
0.768,CD_rudder,0.0006336794038926129
0.768,CL_Alpha,5.650943578256169
0.768,CL_Beta,-0.03583852578448239
0.768,CL_aileron,-0.002488835728295468
0.768,CL_elevator,1.0684511883182808
0.768,CL_p,0.002071
0.768,CL_q,11.0800916
0.768,CL_r,0.0057045
0.768,CL_rudder,-0.0007139597291321987
0.768,CMl_Alpha,2.820098267633912e-07
0.768,CMl_Beta,-0.20596871781598255
0.768,CMl_aileron,-0.33618517298643563
0.768,CMl_elevator,-5.729577951308094e-10
0.768,CMl_p,-0.4575133
0.768,CMl_q,1e-07
0.768,CMl_r,0.185398
0.768,CMl_rudder,-0.023363216799011446
0.768,CMm_Alpha,-0.7852432923094401
0.768,CMm_Beta,0.09675973505115391
0.768,CMm_aileron,-0.0008742424950802024
0.768,CMm_elevator,-3.1143901917010095
0.768,CMm_p,0.0134235
0.768,CMm_q,-30.230001
0.768,CMm_r,0.1027004
0.768,CMm_rudder,0.003955473554408896
0.768,CMn_Alpha,-8.284969717591703e-08
0.768,CMn_Beta,0.03452598220716453
0.768,CMn_aileron,0.013592159343512267
0.768,CMn_elevator,5.15662015617745e-10
0.768,CMn_p,-0.0482624
0.768,CMn_q,0.0
0.768,CMn_r,-0.1223031
0.768,CMn_rudder,0.06731269126771142
0.768,CS_Alpha,-8.08099674252513e-07
0.768,CS_Beta,-0.7575047652981727
0.768,CS_aileron,-0.12943145703990866
0.768,CS_elevator,2.8647889756535733e-10
0.768,CS_p,-0.0561703
0.768,CS_q,-2e-07
0.768,CS_r,0.3863796
0.768,CS_rudder,-0.1808498086761142
0.768,CL_Total,0.781980786795
0.768,CL_h,-0.026538215598070285
0.768,CD_Total,0.049535888204
0.768,CD_h,0.002071755853070312
0.768,CS_Total,1.545e-08
0.768,CS_h,-1.640132812499999e-09
0.768,CMl_Total,-5.849e-09
0.768,CMl_h,2.5167187500000015e-10
0.768,CMm_Total,-0.024681340295
0.768,CMm_h,0.018393715041406248
0.768,CMn_Total,1.611e-09
0.768,CMn_h,-2.367421875e-10
0.768,SM,0.13895790701767355
0.768,h_over_c,2.10989010989011
0.512,CD_Alpha,0.34560231716208023
0.512,CD_Beta,0.0010770894934879912
0.512,CD_aileron,0.003314101103496943
0.512,CD_elevator,0.0568973969160993
0.512,CD_p,-0.0468777
0.512,CD_q,0.242385
0.512,CD_r,-0.0111223
0.512,CD_rudder,0.000660053797118044
0.512,CL_Alpha,5.6991027070875715
0.512,CL_Beta,-0.0361155940794401
0.512,CL_aileron,-0.00305585642015373
0.512,CL_elevator,1.0610063034719694
0.512,CL_p,0.002071
0.512,CL_q,11.0800916
0.512,CL_r,0.0057045
0.512,CL_rudder,-0.0006809341553383283
0.512,CMl_Alpha,2.953024476104263e-07
0.512,CMl_Beta,-0.21364381721897105
0.512,CMl_aileron,-0.34362261430884933
0.512,CMl_elevator,-4.5836623610465697e-10
0.512,CMl_p,-0.4575133
0.512,CMl_q,1e-07
0.512,CMl_r,0.185398
0.512,CMl_rudder,-0.023267641250839438
0.512,CMm_Alpha,-1.0119885827741453
0.512,CMm_Beta,0.09887841494824161
0.512,CMm_aileron,-0.0013580677670369315
0.512,CMm_elevator,-3.134565301331336
0.512,CMm_p,0.0134235
0.512,CMm_q,-30.230001
0.512,CMm_r,0.1027004
0.512,CMm_rudder,0.0035865710110840007
0.512,CMn_Alpha,-9.36213037243765e-08
0.512,CMn_Beta,0.0312915589064896
0.512,CMn_aileron,0.013792234257515447
0.512,CMn_elevator,5.15662015617745e-10
0.512,CMn_p,-0.0482624
0.512,CMn_q,0.0
0.512,CMn_r,-0.1223031
0.512,CMn_rudder,0.06651621988650264
0.512,CS_Alpha,-8.899180473971946e-07
0.512,CS_Beta,-0.7573550918198296
0.512,CS_aileron,-0.14309353980896405
0.512,CS_elevator,0.0
0.512,CS_p,-0.0561703
0.512,CS_q,-2e-07
0.512,CS_r,0.3863796
0.512,CS_rudder,-0.17997196158895326
0.512,CL_Total,0.807410065555
0.512,CL_h,-0.03615725573687485
0.512,CD_Total,0.047650606537
0.512,CD_h,0.002680634870265624
0.512,CS_Total,1.7095e-08
0.512,CS_h,-2.3389843749999986e-09
0.512,CMl_Total,-6.092e-09
0.512,CMl_h,3.455156250000001e-10
0.512,CMm_Total,-0.040902195876
0.512,CMm_h,0.02306402902923437
0.512,CMn_Total,1.851e-09
0.512,CMn_h,-3.4125e-10
0.512,SM,0.17756980963259472
0.512,h_over_c,1.4065934065934067
